{"rd_train_loss": 0.06759867817163467, "ra_train_loss": 0.08923342823982239, "train_loss": 0.15725427865982056, "test_metrics": {"range_doppler": {"loss": 0.0900498703122139, "loss_ce": 0.1580023616552353, "loss_dice": 0.02209736593067646, "acc": 0.998561694402442, "acc_by_class": [0.9974704292712142, 0.9987953686488072, 0.9993765072099469, 0.9986044724798002], "prec": 0.7026550572454288, "prec_by_class": [0.9989678611995411, 0.7235639295836493, 0.3808743169398907, 0.7072141212586339], "recall": 0.7676751896879739, "recall_by_class": [0.9984897642636799, 0.7240842088443254, 0.5735899221371147, 0.7745368635067752], "miou": 0.6119874639800771, "miou_by_class": [0.9974607390508923, 0.5671819262782402, 0.296828932713097, 0.586478257878079], "dice": 0.7299188390456031, "dice_by_class": [0.9987287505147073, 0.7238239707207896, 0.4577765380082937, 0.7393460969386215]}, "range_angle": {"loss": 0.10289689898490906, "loss_ce": 0.19465288519859314, "loss_dice": 0.011140902526676655, "acc": 0.999297641008678, "acc_by_class": [0.9986987463773946, 0.9994363709535091, 0.9997859047753129, 0.9992695419284956], "prec": 0.5922968240373877, "prec_by_class": [0.9991363957614603, 0.5381961795760458, 0.20445746053807207, 0.6273972602739726], "recall": 0.5138981622509777, "recall_by_class": [0.9995607610803053, 0.40486266901109563, 0.233954333749858, 0.41721488516265187], "miou": 0.4390027537913584, "miou_by_class": [0.9986979150050332, 0.3004778918758381, 0.12246900365712247, 0.3343662046274396], "dice": 0.5452067513178229, "dice_by_class": [0.999348528370055, 0.4621038013283211, 0.21821359959987485, 0.5011610759730406]}, "coherence_loss": 0.004799822811037302, "global_acc": 0.99892966770556, "global_prec": 0.6474759406414082, "global_dice": 0.637562795181713}}