{"rd_train_loss": 0.03766031935811043, "ra_train_loss": 0.06114545464515686, "train_loss": 0.09927306324243546, "test_metrics": {"range_doppler": {"loss": 0.08909570425748825, "loss_ce": 0.15495489537715912, "loss_dice": 0.023236485198140144, "acc": 0.9985066871695732, "acc_by_class": [0.9973988367159888, 0.998673748330755, 0.9992602659986685, 0.9986938976328807], "prec": 0.6862199844834558, "prec_by_class": [0.9991691897983588, 0.6792055078291598, 0.3469161600810537, 0.7195890802252509], "recall": 0.8088048751199539, "recall_by_class": [0.998216296230176, 0.7422069534880624, 0.6936127112742926, 0.8011835394872844], "miou": 0.6145818292141256, "miou_by_class": [0.9973884459969998, 0.5495587872812423, 0.30081814188447176, 0.6105619416937885], "dice": 0.7321764970918359, "dice_by_class": [0.9986925107155928, 0.7093100151162085, 0.4625060633881844, 0.7581973991473577]}, "range_angle": {"loss": 0.1030886173248291, "loss_ce": 0.19506943225860596, "loss_dice": 0.01110779121518135, "acc": 0.9992894350210522, "acc_by_class": [0.9986823266934612, 0.9994387171653512, 0.999733902910512, 0.9993027933148844], "prec": 0.5870912361869045, "prec_by_class": [0.9992007961118059, 0.5445774647887324, 0.17468112679899053, 0.6299055570480895], "recall": 0.5420128474795793, "recall_by_class": [0.9994797726399031, 0.37509246346935066, 0.29092354879018517, 0.5025556050188785], "miou": 0.44867981790607747, "miou_by_class": [0.9986813997389353, 0.2855270323908689, 0.12251829880878343, 0.3879925406857223], "dice": 0.5552300052171774, "dice_by_class": [0.9993402599060343, 0.4442178532102386, 0.21829184665839227, 0.5590700610940441]}, "coherence_loss": 0.0053183347918093204, "global_acc": 0.9988980610953127, "global_prec": 0.6366556103351801, "global_dice": 0.6437032511545067}}