{"rd_train_loss": 0.07471594214439392, "ra_train_loss": 0.09677927941083908, "train_loss": 0.1719299554824829, "test_metrics": {"range_doppler": {"loss": 0.09939222037792206, "loss_ce": 0.17770470678806305, "loss_dice": 0.021079719066619873, "acc": 0.9986360657777222, "acc_by_class": [0.9975092613491059, 0.9988076657934648, 0.9995188112389382, 0.9987085247293802], "prec": 0.7282627847709161, "prec_by_class": [0.9990319843347555, 0.7180693545285559, 0.48027294648812274, 0.7156768537322304], "recall": 0.7893682263574014, "recall_by_class": [0.9984643314743703, 0.7458554707785723, 0.5925808697854023, 0.8205722333912608], "miou": 0.6385746366635454, "miou_by_class": [0.997499285194064, 0.5769123811681824, 0.3610521849809079, 0.6188346953110277], "dice": 0.7563847014214548, "dice_by_class": [0.9987480722461493, 0.7316987096010281, 0.5305486234837188, 0.7645434003549227]}, "range_angle": {"loss": 0.10970216989517212, "loss_ce": 0.20877544581890106, "loss_dice": 0.010628880932927132, "acc": 0.9993200844507893, "acc_by_class": [0.9987127493958378, 0.9994400995002249, 0.9998278117738155, 0.9992996771332795], "prec": 0.6279223739882963, "prec_by_class": [0.9991900427939494, 0.5423182331130099, 0.339578209220786, 0.6306030108254398], "recall": 0.566941759952628, "recall_by_class": [0.9995209998200039, 0.40793063724004125, 0.36856753379529705, 0.49174786895516975], "miou": 0.47465716894282217, "miou_by_class": [0.9987118180534728, 0.3034594740877723, 0.21468272348309403, 0.38177466014694966], "dice": 0.5927606543655676, "dice_by_class": [0.9993554889061793, 0.46562164290788577, 0.353479499298179, 0.5525859863500262]}, "coherence_loss": 0.0036815600469708443, "global_acc": 0.9989780751142558, "global_prec": 0.6780925793796062, "global_dice": 0.6745726778935112}}